BEGIN TRANSACTION;
CREATE TABLE "agenda_tareas" ("id" integer NOT NULL PRIMARY KEY AUTOINCREMENT, "titulo" varchar(200) NOT NULL, "description" text NOT NULL, "done" bool NOT NULL);
INSERT INTO "agenda_tareas" VALUES(1,'hacer app para enyoi','este sera el entregable para el curos de enyoi',0);
CREATE TABLE "auth_group" ("id" integer NOT NULL PRIMARY KEY AUTOINCREMENT, "name" varchar(150) NOT NULL UNIQUE);
CREATE TABLE "auth_group_permissions" ("id" integer NOT NULL PRIMARY KEY AUTOINCREMENT, "group_id" integer NOT NULL REFERENCES "auth_group" ("id") DEFERRABLE INITIALLY DEFERRED, "permission_id" integer NOT NULL REFERENCES "auth_permission" ("id") DEFERRABLE INITIALLY DEFERRED);
CREATE TABLE "auth_permission" ("id" integer NOT NULL PRIMARY KEY AUTOINCREMENT, "content_type_id" integer NOT NULL REFERENCES "django_content_type" ("id") DEFERRABLE INITIALLY DEFERRED, "codename" varchar(100) NOT NULL, "name" varchar(255) NOT NULL);
INSERT INTO "auth_permission" VALUES(1,1,'add_logentry','Can add log entry');
INSERT INTO "auth_permission" VALUES(2,1,'change_logentry','Can change log entry');
INSERT INTO "auth_permission" VALUES(3,1,'delete_logentry','Can delete log entry');
INSERT INTO "auth_permission" VALUES(4,1,'view_logentry','Can view log entry');
INSERT INTO "auth_permission" VALUES(5,2,'add_permission','Can add permission');
INSERT INTO "auth_permission" VALUES(6,2,'change_permission','Can change permission');
INSERT INTO "auth_permission" VALUES(7,2,'delete_permission','Can delete permission');
INSERT INTO "auth_permission" VALUES(8,2,'view_permission','Can view permission');
INSERT INTO "auth_permission" VALUES(9,3,'add_group','Can add group');
INSERT INTO "auth_permission" VALUES(10,3,'change_group','Can change group');
INSERT INTO "auth_permission" VALUES(11,3,'delete_group','Can delete group');
INSERT INTO "auth_permission" VALUES(12,3,'view_group','Can view group');
INSERT INTO "auth_permission" VALUES(13,4,'add_user','Can add user');
INSERT INTO "auth_permission" VALUES(14,4,'change_user','Can change user');
INSERT INTO "auth_permission" VALUES(15,4,'delete_user','Can delete user');
INSERT INTO "auth_permission" VALUES(16,4,'view_user','Can view user');
INSERT INTO "auth_permission" VALUES(17,5,'add_contenttype','Can add content type');
INSERT INTO "auth_permission" VALUES(18,5,'change_contenttype','Can change content type');
INSERT INTO "auth_permission" VALUES(19,5,'delete_contenttype','Can delete content type');
INSERT INTO "auth_permission" VALUES(20,5,'view_contenttype','Can view content type');
INSERT INTO "auth_permission" VALUES(21,6,'add_session','Can add session');
INSERT INTO "auth_permission" VALUES(22,6,'change_session','Can change session');
INSERT INTO "auth_permission" VALUES(23,6,'delete_session','Can delete session');
INSERT INTO "auth_permission" VALUES(24,6,'view_session','Can view session');
INSERT INTO "auth_permission" VALUES(25,7,'add_tareas','Can add tareas');
INSERT INTO "auth_permission" VALUES(26,7,'change_tareas','Can change tareas');
INSERT INTO "auth_permission" VALUES(27,7,'delete_tareas','Can delete tareas');
INSERT INTO "auth_permission" VALUES(28,7,'view_tareas','Can view tareas');
INSERT INTO "auth_permission" VALUES(29,8,'add_tareas','Can add tareas');
INSERT INTO "auth_permission" VALUES(30,8,'change_tareas','Can change tareas');
INSERT INTO "auth_permission" VALUES(31,8,'delete_tareas','Can delete tareas');
INSERT INTO "auth_permission" VALUES(32,8,'view_tareas','Can view tareas');
INSERT INTO "auth_permission" VALUES(33,8,'add_tasks','Can add tasks');
INSERT INTO "auth_permission" VALUES(34,8,'change_tasks','Can change tasks');
INSERT INTO "auth_permission" VALUES(35,8,'delete_tasks','Can delete tasks');
INSERT INTO "auth_permission" VALUES(36,8,'view_tasks','Can view tasks');
INSERT INTO "auth_permission" VALUES(37,9,'add_token','Can add Token');
INSERT INTO "auth_permission" VALUES(38,9,'change_token','Can change Token');
INSERT INTO "auth_permission" VALUES(39,9,'delete_token','Can delete Token');
INSERT INTO "auth_permission" VALUES(40,9,'view_token','Can view Token');
INSERT INTO "auth_permission" VALUES(41,10,'add_tokenproxy','Can add Token');
INSERT INTO "auth_permission" VALUES(42,10,'change_tokenproxy','Can change Token');
INSERT INTO "auth_permission" VALUES(43,10,'delete_tokenproxy','Can delete Token');
INSERT INTO "auth_permission" VALUES(44,10,'view_tokenproxy','Can view Token');
INSERT INTO "auth_permission" VALUES(45,11,'add_cancha','Can add cancha');
INSERT INTO "auth_permission" VALUES(46,11,'change_cancha','Can change cancha');
INSERT INTO "auth_permission" VALUES(47,11,'delete_cancha','Can delete cancha');
INSERT INTO "auth_permission" VALUES(48,11,'view_cancha','Can view cancha');
INSERT INTO "auth_permission" VALUES(49,12,'add_reserva','Can add reserva');
INSERT INTO "auth_permission" VALUES(50,12,'change_reserva','Can change reserva');
INSERT INTO "auth_permission" VALUES(51,12,'delete_reserva','Can delete reserva');
INSERT INTO "auth_permission" VALUES(52,12,'view_reserva','Can view reserva');
CREATE TABLE "auth_user" ("id" integer NOT NULL PRIMARY KEY AUTOINCREMENT, "password" varchar(128) NOT NULL, "last_login" datetime NULL, "is_superuser" bool NOT NULL, "username" varchar(150) NOT NULL UNIQUE, "last_name" varchar(150) NOT NULL, "email" varchar(254) NOT NULL, "is_staff" bool NOT NULL, "is_active" bool NOT NULL, "date_joined" datetime NOT NULL, "first_name" varchar(150) NOT NULL);
INSERT INTO "auth_user" VALUES(73,'pbkdf2_sha256$870000$wmfiAkFF2LJsW1jt4XxTKt$HowSAjqdyt56Wra+XkimizdT1JQ2Mj1lKnag5cXi0HI=','2024-09-18 15:46:10.660402',1,'walter','','walter@walter.com',1,1,'2024-09-05 01:25:51.232779','');
INSERT INTO "auth_user" VALUES(74,'pbkdf2_sha256$870000$trVM3wl108Wl0v90qMR3gr$FBcmUA4b9NqBKHfCecF7DfIT03/se6TPO8YxZltUids=',NULL,1,'samuel','','samuel@samuelc.com',1,1,'2024-09-05 01:42:17.736973','');
INSERT INTO "auth_user" VALUES(75,'pbkdf2_sha256$870000$QM9MeVQtr4TezQQbBvcQpR$9BrdqXiRQ6sZL/wNL39M78j/qAXWJ6R9dX++wCz1/8c=',NULL,1,'Marcela','','diana@diana.com',1,1,'2024-09-05 02:01:41.181228','');
INSERT INTO "auth_user" VALUES(76,'pbkdf2_sha256$870000$hWgZBqOpnBW2F6IYSLwZdh$UAsTWLXusGVgrd0rrqFMK3aHBZvt/+YOZnm+hbOjNaU=',NULL,1,'d','','d@d.com',1,1,'2024-09-05 02:02:56.457599','');
INSERT INTO "auth_user" VALUES(77,'pbkdf2_sha256$870000$uDTbfD2Xe7VnWAJS19ThgI$gzM2Qs4+9Od8cYfgyAfu2OpRtAI61ToFQ5AniMLNoJs=',NULL,1,'nelson','','nelson@nelson.com',1,1,'2024-09-05 02:11:13.092143','');
INSERT INTO "auth_user" VALUES(78,'pbkdf2_sha256$870000$EVnHppvQyeqqwr9uDDdynI$FY1r623XjfdUY9R4rLUrRZoHThz9Ky86bpBmREXa2kw=',NULL,1,'nel','','nel@nel.com',1,1,'2024-09-05 02:11:39.973893','');
INSERT INTO "auth_user" VALUES(79,'pbkdf2_sha256$870000$Ic5yHmXjuz0bAvBYLhBTkQ$Wp+KYLmpUVg4w3e4sT6K9X/rFD7kPL45LairLbmENec=',NULL,1,'user2','','user@user.com',1,1,'2024-09-09 16:06:02.381851','');
INSERT INTO "auth_user" VALUES(80,'pbkdf2_sha256$870000$gBBbr6F1qUxzSRL7R2yFgl$/WOwZuz5eekMjR8lN1An3KRsjSz5ZFHQswCD9cHzDCs=',NULL,1,'dianam','','diana@marcela.com',1,1,'2024-09-18 16:10:14.536270','');
CREATE TABLE "auth_user_groups" ("id" integer NOT NULL PRIMARY KEY AUTOINCREMENT, "user_id" integer NOT NULL REFERENCES "auth_user" ("id") DEFERRABLE INITIALLY DEFERRED, "group_id" integer NOT NULL REFERENCES "auth_group" ("id") DEFERRABLE INITIALLY DEFERRED);
CREATE TABLE "auth_user_user_permissions" ("id" integer NOT NULL PRIMARY KEY AUTOINCREMENT, "user_id" integer NOT NULL REFERENCES "auth_user" ("id") DEFERRABLE INITIALLY DEFERRED, "permission_id" integer NOT NULL REFERENCES "auth_permission" ("id") DEFERRABLE INITIALLY DEFERRED);
CREATE TABLE "authtoken_token" ("key" varchar(40) NOT NULL PRIMARY KEY, "created" datetime NOT NULL, "user_id" integer NOT NULL UNIQUE REFERENCES "auth_user" ("id") DEFERRABLE INITIALLY DEFERRED);
INSERT INTO "authtoken_token" VALUES('31fb12c6f56562cd029225a422e40239a0256061','2024-09-05 01:26:17.667773',73);
INSERT INTO "authtoken_token" VALUES('c079dc98871c930be17c3deec6092df379e53fa3','2024-09-05 01:42:29.613028',74);
INSERT INTO "authtoken_token" VALUES('d2a1eb8d1d31fa4058d5038f842f39adf57ab9c6','2024-09-05 02:02:08.282376',75);
INSERT INTO "authtoken_token" VALUES('3c3955eb471f956bdacc33f5df304f7fb6413b98','2024-09-05 02:03:28.150159',76);
INSERT INTO "authtoken_token" VALUES('956e898b30d461a7cfa9a4980f7072d5eee02856','2024-09-05 02:12:03.567484',78);
INSERT INTO "authtoken_token" VALUES('e647334bb67def97826de097da13ff7fb1f54e1a','2024-09-09 16:06:57.501505',79);
INSERT INTO "authtoken_token" VALUES('5614c791d82b324a4d3e3b8aa50dbda7409bbed8','2024-09-18 16:10:26.930153',80);
CREATE TABLE "django_admin_log" ("id" integer NOT NULL PRIMARY KEY AUTOINCREMENT, "object_id" text NULL, "object_repr" varchar(200) NOT NULL, "action_flag" smallint unsigned NOT NULL CHECK ("action_flag" >= 0), "change_message" text NOT NULL, "content_type_id" integer NULL REFERENCES "django_content_type" ("id") DEFERRABLE INITIALLY DEFERRED, "user_id" integer NOT NULL REFERENCES "auth_user" ("id") DEFERRABLE INITIALLY DEFERRED, "action_time" datetime NOT NULL);
CREATE TABLE "django_content_type" ("id" integer NOT NULL PRIMARY KEY AUTOINCREMENT, "app_label" varchar(100) NOT NULL, "model" varchar(100) NOT NULL);
INSERT INTO "django_content_type" VALUES(1,'admin','logentry');
INSERT INTO "django_content_type" VALUES(2,'auth','permission');
INSERT INTO "django_content_type" VALUES(3,'auth','group');
INSERT INTO "django_content_type" VALUES(4,'auth','user');
INSERT INTO "django_content_type" VALUES(5,'contenttypes','contenttype');
INSERT INTO "django_content_type" VALUES(6,'sessions','session');
INSERT INTO "django_content_type" VALUES(7,'agenda','tareas');
INSERT INTO "django_content_type" VALUES(8,'tasks','tasks');
INSERT INTO "django_content_type" VALUES(9,'authtoken','token');
INSERT INTO "django_content_type" VALUES(10,'authtoken','tokenproxy');
INSERT INTO "django_content_type" VALUES(11,'tasks','cancha');
INSERT INTO "django_content_type" VALUES(12,'tasks','reserva');
CREATE TABLE "django_migrations" ("id" integer NOT NULL PRIMARY KEY AUTOINCREMENT, "app" varchar(255) NOT NULL, "name" varchar(255) NOT NULL, "applied" datetime NOT NULL);
INSERT INTO "django_migrations" VALUES(1,'contenttypes','0001_initial','2024-08-11 00:10:32.420545');
INSERT INTO "django_migrations" VALUES(2,'auth','0001_initial','2024-08-11 00:10:32.443373');
INSERT INTO "django_migrations" VALUES(3,'admin','0001_initial','2024-08-11 00:10:32.459609');
INSERT INTO "django_migrations" VALUES(4,'admin','0002_logentry_remove_auto_add','2024-08-11 00:10:32.474682');
INSERT INTO "django_migrations" VALUES(5,'admin','0003_logentry_add_action_flag_choices','2024-08-11 00:10:32.484383');
INSERT INTO "django_migrations" VALUES(6,'contenttypes','0002_remove_content_type_name','2024-08-11 00:10:32.504587');
INSERT INTO "django_migrations" VALUES(7,'auth','0002_alter_permission_name_max_length','2024-08-11 00:10:32.517750');
INSERT INTO "django_migrations" VALUES(8,'auth','0003_alter_user_email_max_length','2024-08-11 00:10:32.528022');
INSERT INTO "django_migrations" VALUES(9,'auth','0004_alter_user_username_opts','2024-08-11 00:10:32.537692');
INSERT INTO "django_migrations" VALUES(10,'auth','0005_alter_user_last_login_null','2024-08-11 00:10:32.549586');
INSERT INTO "django_migrations" VALUES(11,'auth','0006_require_contenttypes_0002','2024-08-11 00:10:32.552432');
INSERT INTO "django_migrations" VALUES(12,'auth','0007_alter_validators_add_error_messages','2024-08-11 00:10:32.559609');
INSERT INTO "django_migrations" VALUES(13,'auth','0008_alter_user_username_max_length','2024-08-11 00:10:32.571600');
INSERT INTO "django_migrations" VALUES(14,'auth','0009_alter_user_last_name_max_length','2024-08-11 00:10:32.582553');
INSERT INTO "django_migrations" VALUES(15,'auth','0010_alter_group_name_max_length','2024-08-11 00:10:32.592820');
INSERT INTO "django_migrations" VALUES(16,'auth','0011_update_proxy_permissions','2024-08-11 00:10:32.603180');
INSERT INTO "django_migrations" VALUES(17,'auth','0012_alter_user_first_name_max_length','2024-08-11 00:10:32.617062');
INSERT INTO "django_migrations" VALUES(18,'sessions','0001_initial','2024-08-11 00:10:32.623229');
INSERT INTO "django_migrations" VALUES(19,'agenda','0001_initial','2024-08-12 15:32:28.465044');
INSERT INTO "django_migrations" VALUES(20,'tasks','0001_initial','2024-08-13 15:33:11.109626');
INSERT INTO "django_migrations" VALUES(21,'tasks','0002_rename_tareas_tasks','2024-08-13 15:37:33.601646');
INSERT INTO "django_migrations" VALUES(22,'authtoken','0001_initial','2024-08-18 15:05:19.013677');
INSERT INTO "django_migrations" VALUES(23,'authtoken','0002_auto_20160226_1747','2024-08-18 15:05:19.035957');
INSERT INTO "django_migrations" VALUES(24,'authtoken','0003_tokenproxy','2024-08-18 15:05:19.041659');
INSERT INTO "django_migrations" VALUES(25,'authtoken','0004_alter_tokenproxy_options','2024-08-18 15:05:19.047134');
INSERT INTO "django_migrations" VALUES(26,'tasks','0003_tasks_user','2024-08-24 21:06:47.196035');
INSERT INTO "django_migrations" VALUES(27,'tasks','0004_cancha_reserva','2024-08-26 16:54:08.814139');
CREATE TABLE "django_session" ("session_key" varchar(40) NOT NULL PRIMARY KEY, "session_data" text NOT NULL, "expire_date" datetime NOT NULL);
INSERT INTO "django_session" VALUES('zokmro0gt9unu9n0kcm0b12744atnvw5','.eJxVjDsOwjAQBe_iGlneXds4lPQ5g7X-4QBypDipEHeHSCmgfTPzXsLztla_9bz4KYmLAHH63QLHR247SHdut1nGua3LFOSuyIN2Oc4pP6-H-3dQuddvPdhS0ORA7MjoMxcAshGSC5m0QmQEcgWKC8ZiRI6JwGnNwKR4UCzeH9jWN34:1sdX5q:UsW7ClC6iaQ10KKQ_9k1opk0XMaO7E2RWDBxTOujHC8','2024-08-26 15:36:22.489556');
INSERT INTO "django_session" VALUES('0xdhwaa5d4ntveihs5r2buhxgx5e6p87','.eJxVjDsOwjAQBe_iGlkbx2wWSnrOYHk_4ACypXwqxN1RpBTQvpl5b5fyupS0zjalUd3ZDb07_I6c5Wl1I_rI9d68tLpMI_tN8Tud_bWpvS67-3dQ8ly2OhLKETqGyHYaBMBUTBGDmWQDI-CoARgk040Qh64HNFKiLqIE9_kCI7c4Xg:1sm1G5:jet0YmAu7jfGXHjnfIerIdfE0NoF8rGo4AVcBklb6uM','2024-09-19 01:26:01.447856');
INSERT INTO "django_session" VALUES('l6oi5c0oedtlgy7wn28ym6nihc2gbzoh','.eJxVjDsOwjAQBe_iGlkbx2wWSnrOYHk_4ACypXwqxN1RpBTQvpl5b5fyupS0zjalUd3ZDb07_I6c5Wl1I_rI9d68tLpMI_tN8Tud_bWpvS67-3dQ8ly2OhLKETqGyHYaBMBUTBGDmWQDI-CoARgk040Qh64HNFKiLqIE9_kCI7c4Xg:1sqwsc:vfLVtHt-iYYbRrbS1Unf2p9cdZsFl9d1VtsLJitUYms','2024-10-02 15:46:10.666055');
CREATE TABLE "tasks_cancha" ("id" integer NOT NULL PRIMARY KEY AUTOINCREMENT, "nombre" varchar(100) NOT NULL, "ubicacion" varchar(200) NOT NULL, "capacidad" integer unsigned NOT NULL CHECK ("capacidad" >= 0));
INSERT INTO "tasks_cancha" VALUES(1,'Cancha 2','zona 2',9);
INSERT INTO "tasks_cancha" VALUES(2,'Cancha 1','zona 2',11);
INSERT INTO "tasks_cancha" VALUES(3,'zona 3','centro',8);
INSERT INTO "tasks_cancha" VALUES(4,'Atanacio girardot','zona centro',8);
CREATE TABLE "tasks_reserva" ("id" integer NOT NULL PRIMARY KEY AUTOINCREMENT, "fecha_reserva" date NOT NULL, "hora_reserva" time NOT NULL, "cancha_id" bigint NOT NULL REFERENCES "tasks_cancha" ("id") DEFERRABLE INITIALLY DEFERRED, "usuario_id" integer NOT NULL REFERENCES "auth_user" ("id") DEFERRABLE INITIALLY DEFERRED);
INSERT INTO "tasks_reserva" VALUES(59,'2024-09-12','17:00:00',2,74);
INSERT INTO "tasks_reserva" VALUES(60,'2024-09-25','17:00:00',1,74);
INSERT INTO "tasks_reserva" VALUES(61,'2024-09-10','17:00:00',2,74);
INSERT INTO "tasks_reserva" VALUES(62,'2024-09-13','18:00:00',4,74);
INSERT INTO "tasks_reserva" VALUES(63,'2024-09-18','16:00:00',2,75);
INSERT INTO "tasks_reserva" VALUES(65,'2024-09-06','16:00:00',3,75);
INSERT INTO "tasks_reserva" VALUES(66,'2024-09-12','18:00:00',4,75);
INSERT INTO "tasks_reserva" VALUES(69,'2024-09-09','08:00:00',1,78);
INSERT INTO "tasks_reserva" VALUES(70,'2024-09-18','18:00:00',3,78);
INSERT INTO "tasks_reserva" VALUES(86,'2024-09-25','19:00:00',1,80);
INSERT INTO "tasks_reserva" VALUES(87,'2024-09-25','19:00:00',2,80);
CREATE TABLE "tasks_tasks" ("id" integer NOT NULL PRIMARY KEY AUTOINCREMENT, "titulo" varchar(200) NOT NULL, "description" text NOT NULL, "done" bool NOT NULL, "user_id" integer NOT NULL REFERENCES "auth_user" ("id") DEFERRABLE INITIALLY DEFERRED);
CREATE UNIQUE INDEX "auth_group_permissions_group_id_permission_id_0cd325b0_uniq" ON "auth_group_permissions" ("group_id", "permission_id");
CREATE INDEX "auth_group_permissions_group_id_b120cbf9" ON "auth_group_permissions" ("group_id");
CREATE INDEX "auth_group_permissions_permission_id_84c5c92e" ON "auth_group_permissions" ("permission_id");
CREATE UNIQUE INDEX "auth_user_groups_user_id_group_id_94350c0c_uniq" ON "auth_user_groups" ("user_id", "group_id");
CREATE INDEX "auth_user_groups_user_id_6a12ed8b" ON "auth_user_groups" ("user_id");
CREATE INDEX "auth_user_groups_group_id_97559544" ON "auth_user_groups" ("group_id");
CREATE UNIQUE INDEX "auth_user_user_permissions_user_id_permission_id_14a6b632_uniq" ON "auth_user_user_permissions" ("user_id", "permission_id");
CREATE INDEX "auth_user_user_permissions_user_id_a95ead1b" ON "auth_user_user_permissions" ("user_id");
CREATE INDEX "auth_user_user_permissions_permission_id_1fbb5f2c" ON "auth_user_user_permissions" ("permission_id");
CREATE INDEX "django_admin_log_content_type_id_c4bce8eb" ON "django_admin_log" ("content_type_id");
CREATE INDEX "django_admin_log_user_id_c564eba6" ON "django_admin_log" ("user_id");
CREATE UNIQUE INDEX "django_content_type_app_label_model_76bd3d3b_uniq" ON "django_content_type" ("app_label", "model");
CREATE UNIQUE INDEX "auth_permission_content_type_id_codename_01ab375a_uniq" ON "auth_permission" ("content_type_id", "codename");
CREATE INDEX "auth_permission_content_type_id_2f476e4b" ON "auth_permission" ("content_type_id");
CREATE INDEX "django_session_expire_date_a5c62663" ON "django_session" ("expire_date");
CREATE INDEX "tasks_tasks_user_id_51793951" ON "tasks_tasks" ("user_id");
CREATE UNIQUE INDEX "tasks_reserva_cancha_id_fecha_reserva_hora_reserva_5e8064f3_uniq" ON "tasks_reserva" ("cancha_id", "fecha_reserva", "hora_reserva");
CREATE INDEX "tasks_reserva_cancha_id_8b86ced8" ON "tasks_reserva" ("cancha_id");
CREATE INDEX "tasks_reserva_usuario_id_e6a857e8" ON "tasks_reserva" ("usuario_id");
DELETE FROM "sqlite_sequence";
INSERT INTO "sqlite_sequence" VALUES('django_migrations',27);
INSERT INTO "sqlite_sequence" VALUES('django_admin_log',90);
INSERT INTO "sqlite_sequence" VALUES('django_content_type',12);
INSERT INTO "sqlite_sequence" VALUES('auth_permission',52);
INSERT INTO "sqlite_sequence" VALUES('auth_group',0);
INSERT INTO "sqlite_sequence" VALUES('auth_user',80);
INSERT INTO "sqlite_sequence" VALUES('agenda_tareas',1);
INSERT INTO "sqlite_sequence" VALUES('tasks_tasks',48);
INSERT INTO "sqlite_sequence" VALUES('tasks_cancha',4);
INSERT INTO "sqlite_sequence" VALUES('tasks_reserva',87);
COMMIT;
